Store,phone,email,address
Durham Metro Courier Ltd.,905-427-8612 1-866-836-9112,info@durhammetrocourier.com,220 Clements Rd. W. #14 Ajax ON L1S 3K5
Rockbrune Bros. Ltd.,1-800-561-4139 416-466-7873 905-683-4321,move@rockbrune.on.ca,725 Finley Ave Ajax ON L1S 3T1
Bryson & Associates Insurance Brokers Ltd.,905-426-8787 1-800-661-5196,info@bryson-insurance.com,541 Bayly Street East Ajax ON L1S 4S7
J & F Trucking Corporation,905-683-7111,info@jandftrucking.com,610 Finley Avenue Ajax ON L1S 2E3
J&E Truck Service,613-362-8858,sales@jetruckservice.com,P.O. Box 467 Alexandria ON K0C 1A0
Briway Carriers Inc.,705-435-9364,jeff@briwaycarriers.com,4107 Tottenham Road Alliston ON L9R 1V4
IBP Transportation,905-304-1178,info@ibptransportation.com,1367 Osprey Drive Unit #3 Ancaster ON L9G 4V5
FF Express,905-648-9300,dispatch@ffexpress.ca,1370 Sandhill DriveUnit 2 Ancaster ON L9G4V5
G. & J. Whittaker Trucking Inc.,519 846 9242,grant.whittaker@sympatico.ca,R. R. # 1 Arthur ON N0G 1A0
J & R Hall Transport Inc.,519-632-7429,operations@jrhall.ca,552 Piper Street Ayr ON N0B 1E0
Stage Door Transportation,519-624-9500 1-866-607-1777,carissa@stagedoortransportation.com,1074 Industrial Road Ayr ON N0B 1E0
Mill Creek Motor Freight,1-800-265-7868 519-623-6632,rhargreaves@millcreek.on.ca,101 Earl Thompson Road Ayr ON N0B 1E0
Liberty Linehaul Inc.,519-740-7072 1-800-465-3781,brian@libertylinehaul.com,214 Boida Ave RR#1 Ayr ON N0B 1E0
DriverCheck Inc.,519-632-9371 1-800-463-4310,drivercheck@drivercheck.ca,1 Manley Street Ayr ON NOB 1E0
Rent A Buddy,705-994-3568,johncamuso@mail.com,38 Ferndaile Barrie ON L4N 9V4
Raki Bros Inc,705-243-5159,RakiBros@RakiBros.com,19 Benjmain Barrie ON L4N0S3
CS-1 Transportation,905-948-9229,ksingh@shipcs1.com,92 Capan Avenue Barrie ON L4N0Z7
Craler Internatonal Inc,705 725-7747,mark@craler.com,75 Hooper Road Barrie ON L4N9S3
Oms Express,705-734-1633.,dispatch@omsx.ca,112 Saunders Road Barrie ON L4N 9A8
DriveWise,705 730 1130,info@drivewisecanada.com,237 mapleview Ave. E. Unit A3. Barrie ON L4N 0W5
Larway Transportation,(800) 263-7484,chriscobby@larway.com,85 Ellis Drive Barrie ON L4N 8Z3
Premiere Van Lines,705-719-7856,barrie@premierevanlines.com,200 Brock Street Barrie ON L4N 2M4
Chantler Transport,1-888-266-6651,schantler@chantlertransport.com,15 Elliott Drive Barrie ON L4N 4V6
Near North Customs Brokers Inc.,1-888-739-4002 705-739-0024,djupp@nearnorthcustoms.com,20 Elliott Ave. Barrie ON L4M 4V7
J-Line Transport Limited,905-563-4908,mtownsley@jlinetransport.com,4751 Christie Drive Beamsville ON L0R1B5
J. E. Culp Transport Ltd,905-563-5055,dan@jeculptransport.com,4815 Merritt Road Beamsville ON L0R1B1
Ace Transport Services Ltd,905-563-7223,acetransportservices@sympatico.ca,5010 South Service Rd Beamsville ON L0R 1B3
Frontier Transportation Services Inc,905-562-7272,dispatch@frontiertrucks.com,4690 Maple Grove Road Beamsville ON L0R 1B1
Spring Creek Logistics,905-563-9989 x237,csr2@springcreekcarriers.com,4695 Bartlett Rd. Beamsville ON L0R1B1
Deol Road Carrier LTD,519-992-0152,mdeol@deolroad.com,2031 County Road 42 Belle River ON N0R 1A0
Frank's Worldwide Moving Ltd.,613-962-8833,sales@franksworldwidemoving.com,110 North Front Street Suite 325 Belleville ON K8P 0A6
SM Freight Inc.,519-676-5198 1-800-810-0204,steveh@smfreight.com,25 Graham St. PO Box 403 Blenheim ON N0P 1A0
Leeming Express Van Lines,519-441-8396,rjstruthers@gmail.com,86013 Clyde Line Bluevale ON N0G1G0
Onyx Enterprises Inc,905-781-3300,walterkubiak@yahoo.ca,7 Cosdale Pl Bolton ON L7E 0C8
North American Logistic Services Inc.,905-951-1612 1-888-595-5357,vaudry@nalsi.com,49 Simpson Road Bolton ON L7E 2R6
JD Xpress Ontario Inc.,1-800-781-2299 905-951-8800,info@jdxpress.ca,2 Betomat Court Bolton ON L7E 2Y9
Stage West Express Inc.,1-877-220-7666,royn@stagewestexpress.com,2 Betomat Court Bolton ON L7E 2V9
BXL-Bon X Logistics Inc.,416-991-2669-BonX,bonx@sympatico.ca,28 Foxchase Drive Bolton ON L7E 1H7
Xpress Commercial Services Inc.,416-642-1760 1-800-642-1760,dispatch@xpresscs.com,19 Wheeler Dr. Bolton ON L7E 4H8
Cavalier Transportation Services Inc.,905-857-6981 1-800-263-2394,gledson@cavalier.ca,14091 Humber Station Road Bolton ON L7E 5T1
International Horse Transport Ltd.,905-584-2202 1-800-387-1779,email@inthorse.com,P.O Box 698 Bolton ON L7E 5T5
Service Star Freightways Inc.,905-775-1755,info@servicestar.ca,1-185 Artesian Industrial Parkway Bradford ON L3Z 3G4
Richway Inc,905-458-1237,prachi@richwayfurniture.com,200 Walker Drive Brampton ON L6T3W1
J&Sons Transport Ltd,416 708 9253,jasbirbagri@hotmail.com,1 Kelways Circle Brampton ON L6T0G6
Baba Freightline Inc.,905-915-6553,toplinklogistics@gmail.com,6 Smithville Dr Brampton ON L6P2Y5
Bay City Brokers Ltd,905-455-4777,custombrokerstoronto@gmail.com,4 Blair Dr Brampton ON L6T 2H5
Just Ship It Worldwide Logistics,905-230-5742,dispatch@justshipitlogistics.com,2880 Queen Street East Unit 4 Brampton ON L6S 6H4
MaxPro Management,905-452-9669,info@maxpromanagement.com,33-180 Wilkinson Road Brampton ON L6T 4W8
Skydome Group Of Companies,905-874-9878,skydom_auto@hotmail.com,30 Stafford Dr Brampton ON L6W 3J6
Truckers Assist,416-204-0131,assisttruckers@gmail.com,14 Automatic Dr Unit 33A Brampton ON L6S 5N5
Joint Express Inc.,416-525-8618,jointexpress@live.ca,41 Sleddog Rd Brampton ON L6R0H8
A & R Trucking Solutions Inc.,416-627-6264,surjbrar@yahoo.ca,140 Binder Twine Trail Brampton ON L6X 4V6
Five Star Insurance Brokers Ltd.,1-877-847-6263,dave@fivestarinsurance.ca,350 Rutherford Rd. South Building 2 Unit #350 Brampton ON L6W 3M3
Norseman Cartage Ltd,905-595-9988,info@norsemancartage.com,250 Summerlea Road Brampton ON L6T 3V6
Jhutty Transport Ltd.,416-623-6647,hslogistic@live.ca,17 Starhearn Ave Brampton ON L6T 4P1
Danbro Logistics Inc.,416-887-4525,DLI@Bell.Net,41 Sleddog Rd Brampton ON L6R0H8
SimConnect Freight Management,905-915-1805416-458-1805,nippy.s@hotmail.com,34 Vernet Cres Brampton ON L6P 1Z5
Superfast Freight System Inc.,905-459-2999,superfastfreight@hotmail.com,7 Tilbury Crt Brampton ON L6T 3T4
Avaal Technology Solutions,905-595-1313 1-877-995-1313,paulc@avaal.com,2 Automatic Road Unit 110 Brampton ON L6S 6K8
Punu Transport Inc.,905-451-0662,punutransportation@bellnet.ca,69 Eastern Ave Brampton ON L6W 1X9
G.E. Forwarders Ltd - G.E. Logistics Inc.,905-789-9118,frederickleung@gelogistics.ca,115 Walker Drive Brampton ON L6T 5P5
Alliance Trans Inc.,647-237-7214,alinajfi@gmail.com,146 Cherrytree Drive Brampton ON L6Y 3N8
Systems Logic,1-866-967-7226,info@warehouseinabox.com,340 Henry St. Brantford ON N3S 7V9
Ontdel Ltd.,519-759-2220,kelly@ontdel.com,PO Box 25101 RPO West Brantford ON N3T6K5
Fleetway Transport Inc,519-753-5223 800-265-1128,dispatch@fleetwaytrans.com,31 Garnet Road Brantford ON N3T 5M1
International Trade Consulting,519-761-3515,info@itcscm.com,153 Powell Road Brantford ON N3T 0E5
Peter Suess Transportation Consultant Inc,877-796-7016,sales@pstc.ca,20 Pippin Drive Brantford ON N3R 5V7
Breadner Trailers,519-648-2273,breadnertrailersales@gmail.com,5185 Fountain Street North Breslau ON N0B 1M0
Streamline Express Transportation Systems,519-441-8396,streamlineexpress01@hotmail.com,433 Albert Street Brussels ON N0G1H0
BK Logistics Inc.,519-449-2163,dispatch@bklogistics.com,297 Bishopsgate Rd. Burford ON N0E 1A0
Keith Hall & Sons Transport,N/A,info@keithhalltransport.com,Burford ON
Balanced Logistics Inc.,905-331-3696,sales@balancedlogistics.ca,5070 Benson Drive Burlington ON L7L 5N6
A Action Towing and Recovery Inc.,905-632-1502,dougmurray@aactiontowing.ca,4121 Morris Drive Burlington ON L7L5L5
ROADVision Canada,905-464-7517,duncanc@computac.com,384 Rossmore Blvd. Burlington ON L7N 1S1
DSS Trucking Services Ltd.,888-701-6389,dsheppc563@rogers.com,2211 Plains Road East Burlington ON L7R 3R3
Eden Quality Management Inc.,905-632-0002 1-888-263-3336,info@edenquality.com,305 Plains Road East Burlington ON L7T 2C7
Taylor Moving & Storage Ltd.,905-632-8010 1-888-624-3220,csrvburl@ataylormoving.com,1200 Plains Road East Burlington ON L7S 1W6
Laro Logistics Inc,519-621-9191,mlaro@larologistics.com,111 Savage Drive Cambridge ON N1T 1S5
Ontario Delivery Dispatch Ltd.,800-363-6667,cambridge@ontdel.com,425 Hespeler Road Cambridge ON N1R 8J6
Receivable Financing Group,800-808-8802,funds@receivablefinancing.ca,398 Avenue Rd Cambridge ON N1R 5S4
AMJ Campbell,1-888-265-6683 519-896-3366,amj@amjcampbell.com,1030 Fountain St. N. Cambridge ON N3H 4R7
Nuquest Integrated Services Inc.,519-620-7038,glennk@nuquestfreight.com,200 Turnbull Court Cambridge ON N1T1J2
Rapidgo Inc.,1-800-817-9080,contact@rapidgo.ca,6-425 Hespeler Rd. Suite 450 Cambridge ON N1R 8J6
Marinetrans Logistics,905-487-2023,marinetrans@live.com,23 Dalton Drive Cambridge ON N3C 0E7
Droh Inc.,519-653-1034,dispatch@drohinc.com,670 Industrial Rd. Cambridge ON N3H4V9
Mackenzie Express,519-807-1267,ontarioca1@rogers.com,40 Robert Simone Way Cambridge ON N0B 1E0
MT Logistics,519-239-6700709-765-7212,mtlogistics@nf.sympatico.ca,91 Burnett Ave Cambridge ON N1T 1J7
TowLine Transportation,519-821-2121,dispatch@towline.ca,1080 Rose St Cambridge ON N3H 2G3
McArthur Express Inc,519-740-7080,info@mcarthurexpress.com,170 Werlich Drive Cambridge ON N1T 1N6
Logikor Dedicated Logistics,519-622-8400 866-773-8400,info@logikor.com,290 Pinebush Road Cambridge ON N1T 1Z6
Management Support Network,1-800-284-5756 519-249-1305,info@mgmtnetwork.com,27 Queen Street East Cambridge ON N3C 2A7
Challenger Motor Freight Inc.,519-658-5154 1-800-265-6358,info1@challenger.com,300 Maple Grove Rd. Cambridge ON N3E 1B7
All Loads Transportation Inc.,519-622-7200 1-800-563-7200,dan@allloads.com,501 Franklin Boulevard Cambridge ON N1R 8G9
Horsepower Equine Transport,905-242-7229,horsepowertransport@hotmail.com,RR#1 Cameron ON K0M 1G0
ICE Logistics Inc,905-672-7747 1-888-201-6666,info@icelogistics.com,35 Crawford Crescent #3 PO Box 525 Campbellville ON L0P 1B0
Shomoves Inc,866-407-8881,info@shomoves.ca,71 McLaren Rd North RR#1 Campbellville ON L0P 1B0
730 Permit Services Inc.,613-657-1244,info@730permitservices.com,1245 California Avenue Cardinal ON K6V 7N5
First Air,613-839-3340,charters@firstair.ca,3257 Carp Road Carp ON K0A 1L0
Transit Trailer Ltd.,519-354-9944 1-877-995-5999,jime@transittrailer.com,22217 Bloomfield Rd. Chatham ON N7M 5J6
Tatro Equipment Sales Ltd,519-354-4352,sales@tatrotrucks.com,7744 Seventh Line Chatham ON N7M 5J6
Secure Specialized,519-504-4569,securespecialized@outlook.com,61 Allan St W Clifford ON N0G1M0
Diamond Plus Specialized,877-327-4567,diamondplus@wightman.ca,1 William St Clifford ON N0G 1M0
Cobalt Car Clinic,705-679-8500,ccc.heavytowing@gmail.com,46 Lang St. Cobalt ON P0J 1C0
Centennial Moving Systems,1-866-574-1967,sales@centennialmoving.ca,210 Willmott St. #4 Cobourg ON K9A 4W4
Northumberland County Moving Company,905-373-4668,ncmc@bellnet.ca,210 Willmott St. Cobourg ON K9A 4W4
National Shunt Services Ltd.,1-877-409-0800 905-377-9900,inquiries@nationalshunt.com,Northam Industrial Park Building 20 Unit 4 Cobourg ON K9A 4W5
S&S Forwarding,877-265-2244,max@ssforwarding.com,100 Ortona Court Concord ON L4K0A5
RTL Reliable Transportation Link,905-660-7766,cs@GoReliable.ca,31 Villarboit Cres. Concord Ontario Concord ON L4K4R2
Mr.Flatbeds Transport Inc.,905-482-7005,sales@mrflatbeds.com,163 Bowes Road Concord ON L4K 1W6
C. M. Brake Inc.,905-761-0080,roffey.b@cmbrake.com,250 Doney Crescent Concord ON L4K 3A8
Clarke Transport Inc.,905-660-0057,sales@clarketransport.com,751 Bowes Road W. Concord ON L4K 1B2
Citel Technologies Inc.,416-644-5527,voipmigration@gmail.com,151 North Rivermede Rd. Concord ON L4K0C4
Vmax Transportation Inc,905-532-9779,dispatch@vmaxtransportation.com,10 - 150 Connie Cres Concord ON L4K1L9
First Class Van Lines,1-866-480-2807,support@firstclassvanlines.net,97 Corstate Ave Concord ON L4K 4Y2
Standard Trans,647-680-7208,standard.trans@yahoo.ca,125 Bob O'link Ave Concord ON L4K 1H1
City Transfer Delivery & Logistics,289-304-8700,toronto@citytransfer.net,221 Jacob Keffer Parkway Concord ON L4K 5T9
EAGLEi GPS,905-660-8389,walter@canadianmobile.ca,200 Edgeley Unit 12 Concord ON L4K 3Y8
Ontario Container Transport Inc.,905-695-1501,dispatch@octi.ca,163 Bowes Road Concord ON L4K 1H3
AmeriFleet Transportation,800-728-9235 x 705,Terri.Stiffler@amerifleet.com,1889 Highway 7 West Concord ON L4K 1V4
Toronto Trailers,416-881-8781,info@torontotrailers.com,163 Bowes Road Concord ON L4K 1H3
Vitran Express Canada Inc.,416-798-4965 800-263-9588,webmaster@vitran.com,1201 Creditstone Road Concord ON L4K 0C2
Royal Transport Ltd.,(905)370-0470 or (905) 370-0412,info@royaltransgroup.com,207 Edgeley Blvd Unit 16 Suite 205 Concord ON L4K 4B5
G.N. Transport Ltd.,905-760-2888,info@gntransport.com,163 Bowes Road Concord ON L4K 1H3
Western Canada Express,1-800-387-3702905-738-2106416-736-7055,dheath@wcexp.com,62 Administration Rd. Concord ON L4K 2R7
Villeneuve Tank Lines & Freight,1-877-932-8265,info@villeneuvetanklines.com,850 Education Road Cornwall ON K6H 5T7
Cornwall Tire Service Ltd.,1-800-267-7191  1-613-933-1515,rochcornwalltireservice@cogeco.net,428 11th St. West Cornwall ON K6J3B8
Basler Group Inc.,1-866-330-EDGE,john@disabilitymoney.ca,18246 County Rd. 2 Cornwall ON K6H5R5
Seaway Express,613-933-8984  1-800-387-0408,bob@seawayexpress.ca,605 Boundary Road Cornwall ON K6H 6K8
Lake Erie Warehousing,519-427-9739,linem@lakeeriewarehousing.com,510 Main Street of Delhi LEW Door 20 Delhi ON N4B 3E8
Titan Trailers Inc.,519-688-4826,site,1129 Highway # 3 Delhi ON N4B 2W6
Roger's Pilot Cars,416-574-3704,rrober1829@bell.net,6 McGregor Court Dundalk ON N0C1B0
Universal Transport,647-241-9522  519-315-0466,rkb_quinn@hotmail.com,214 Daniel St Erin ON N0B 1T0
VNV Logistics Express Ltd,416-854-4431,vnv@vnvlogistics.com,30 Lockport Ave Etobicoke ON M8Z2R6
Ready To Transportation Inc.,647-284-3556,ReadyToTransport@live.ca,4 Overskate Crt Etobicoke ON M9V 4X1
TFX International Specialized Vehicle Transport,416-243-8531,tfx122858@yahoo.com,11 City View Drive Etobicoke ON M9W 5A5
Canuck Express,416-857-5525,canuck@canuckexpress.ca,34 Vansco Rd. Etobicoke ON M8Z 5J4
ATY Toronto Trailer Repair Inc.,416-244-2289,astadnik@live.com,56 McCulloch Ave Unit 2 Etobicoke ON M9W 4M6
Chargo Truckload Inc.,416-346-0305,dispatch@chargotruckload.com,110 Belfield Rd Etobicoke ON L6S 5M9
XTL Transport Inc.,416-742-0610 800-665-9318,info@xtl.com,75 Rexdale Blvd. Etobicoke ON M9W 1P1
CSA Transportation,416-754-0999,dwightn@rogers.com,355 Horner Avenue Etobicoke ON M8W 1Z7
Midnight Express & Cartage Ltd.,1-800-361-5700 416-746-5333,info@midnightexpress.ca,35 Precision Road Etobicoke ON M9W 5H3
Andlauer Transportation Services Inc.,416-614-1818,toronto@ats.ca,110 Iron Street Etobicoke ON M9W 5L9
Abacus Truck Line 1948 Ltd.,519-786-6770,info@abacustruckline.com,7882 Rawlings Road Forest ON N0N 1J0
Fyke Trading & Logistics,905-871-6607,help@fyketrading.com,33 Gilmore Rd Fort Erie ON L2A 2L
Fargo Transportation Services Ltd.,1-800-633-4073 905-873-1199,info@fargotransportation.com,106 Guelph Street Georgetown ON L7G 3Z5
Altruck International Truck Center,519-524-7379,doug.mcclinchey@altruck.com,33910 Airport Road Goderich ON N7A 4C7
TTK Transport Inc.,519-524-4331,darryl@ttktransport.com,P.O. Box 487 551 Mooney Street Goderich ON N7A 4C7
Rydex Freight Systems,416-961-7933,info@rydex.ca,P.O. Box 101 Gormley ON L0H1G0
EquiCap Leasing Ltd,1-289-259-7489,kpenev@EquiCapLeasing.ca,205 Lake Street Grimsby ON L3M 2B3
Dean Cartage Inc.,905-309-3641,deanctginc@bell.net,6 Marlow Ave Grimsby ON L3M 1Y3
Empire Transportation Ltd.,905-945-9654 1-800-263-0240,info@empiretrans.com,263 South Service Road Grimsby ON L3M 1Y6
Wide Range Transportation Services Inc.,905-643-5100 1-800-265-1975,truck@widerange.ca,689 South Service Road Grimsby ON L3M 4E8
TransReport Services Inc,519-826-4888,admin@transreportservices.com,PO Box 31007 Guelph ON N1H 8K1
Transport N Service,(519) 821-0400 (888) 505-7775,info@transportnservice.com,5075 Whitelaw Road Guelph ON N1H 6J4
Data Dis Inc.,519-837-0665,vince.bull@datadis.com,58 Camm Cres Guelph ON N1L 1K2
Trans+Plus Systems Corp.,1-800-257-9548 519-763-1725,finance@transpluscorp.com marketing@transpluscorp.com,44 Corporate Court Guelph ON N1G 5G5
Contrans Flatbed Group,877-790-1226,info@contransflatbedgroup.com,80 Third Line Hagersville ON N0A 1H0
FreightSolve,905-538-7866 574-584-4435,richard_freightsolve@hotmail.ca,Suite # 105 1266 Fennell Ave E Hamilton ON L8T 1T4
K.Y.Trans,905-383-6650,kytrans@sympatico.ca,61 Dragoon Dr. Hamilton ON L9B 2E4
LP Services,1-800-858-0754,aaron.chusing@lpservices.ca,100 Mead Ave Hamilton ON L8H 3T5
Pacex Package Express Inc.,905-527-4171,info@pacex.com,568 Beach Rd. Hamilton ON L8H 3K9
Ontario Tank Wash,1-866-283-0785,jbusche@ontariotankwash.com,500 Eastport Blvd. Hamilton ON L8H 7S4
CESAR Van & Storage,905-545-2383,reception@cesarvan.com,449 Woodward Avenue Hamilton ON L8H 6N6
Toronto Tank Lines,1-800-810-7339,jbusche@torontotanklines.com,500 Eastport Blvd. Hamilton ON L8H 7S4
Fluke Transportation Group,1-800-263-4843  905-578-0677,flukeinfo@fluke.ca,20 Warrington Street Hamilton ON L8E 3V1
Sandwood Transport Inc,705-778-7790,sandwoodtrans@xplornet.com,RR#3 Havelock ON K0L 1Z0
Simcoe Mobile Wash,705-431-6653,info@simcoemobilewash.com,1223 Gina Street Innisfil ON L9S 4Z2
Robtrans Systems Inc.,1-888-762-8726,info@robtrans.ca,2252 Bowman Street Innisfil ON L9S3V5
Arcline (2000) Inc.,705-431-2028 800-364-4905,sales@arcline2000.com,1989 Commerce Park Drive Innisfil ON L9S 4A3
Key Factor Freight Management Inc,705-431-2172,dispatch@key-factor.com,1989 Commerce Park Unit B Innisfil ON L9S 4A2
Brake Mobile Wash,905-476-5998,brake11mobile@rogers.com,24707 Woodbine Ave Unit 7 Keswick ON L4P 3C8
Mcgillion Transport Ltd,1-800-268-4620,cmcgillion@mcgilliontransport.com,3250 Lloydtown-Aurora Road Kettleby ON L0G 1J0
G.M. SMITH LIMITED,1-800-743-7474,info@gm-smith.com,P.O. Box 130 King City ON L7B 1A4
AMJ Campbell,1-888-265-6683 613-634-1040,amj@amjcampbell.com,1234 Gardiners Road Kingston ON K7P 2T5
Sirius-RM Ltd,519-591-9349,trucking.srm@gmail.com,40 Bonnylyn Drive Kitchener ON N2M 1S6
Easy Moving Solutions,519-895-0005,sales@easymoving.ca,3085 Kingsway Dr Kitchener ON N2C2P2
Steve's Moving & Storage,519-748-1305 1-800-372-5365,info@stevesmoving.ca,335 Gage Ave Kitchener ON N2M 5E1
Westmount Moving & Warehousing,519-895-1100 1-877-895-1190,info@kitchenerwaterloomovers.com,335 Gage Avenue Kitchener ON N2M 5E1
Keystone Logistics Inc (Canadian Division),519-342-6649,dkerkez@keystonelogistics.net,86 Country Clair Street Kitchener ON N2A 4M7
Becker Bros. Trucking,519-748-9202,trucking@beckerbros.ca,915 Wilson Ave. Kitchener ON N2C 1J1
Kooner Transport Group,519-465-8553,dispatch@koonertransportgroup.com,94 Hickory Hollow Cres Kitchener ON N2N1X9
TAS Transport,519-342-6649,dispatch@tas-transport.com,80 Breckenridge Drive Kitchener ON N2B2N9
Ed Wiersma Trucking Inc.,1-800-265-2449 519-745-5781,ed@wiersmatrucking.com,24 Forwell Road Kitchener ON N2B 3E8
Rideway Transport Inc.,519-741-5991 1-800-387-1478,tbrooke@rideway.com,859-A Courtland Ave. E. Kitchener ON N2C 1K4
Walter McDougall International Logistics,613-347-7791,sales@waltermcdougall.com,P.O. Box 446 Lancaster ON K0C 1N0
Load N Go Transport Inc.,519-818-7988,daveharder21@yahoo.com,11 Maynard St. Leamington ON N8H1V4
Liquid Capital Midwest,519-419-5044 1-877-653-9426,riacobelli@liquidcapitalcorp.com,176 Seacliff Drive West Leamington ON N8H 3Y5
BRK Specialized Inc,519-291-7092,brk_specialized@live.com,8613 Rd 176 Listowel ON N4W3G6
Gerry's Pilot Car,519-503-0352,gerryspilotcar@hotmail.com,. Listowel ON N0G 1B0
Northern Academy of Transportation Training,705-692-9222 1-800-719-9334,info@northernacademy.ca,25 Vagnini Court Lively ON P3Y 1K8
Patrick's Mobile Truck and Trailer Repair,5196308775,patrickraposo150@gmail.com,1825 Cherrywood Trail London ON N6H 5K1
SS&D The Movers,519-852-6683,info@themoverscanada.com,316 Conway Drive London ON N6E 3J8
Scout Logistics,855-452-7268,robert@scoutlogistics.com,2480 Huron Street London ON N5V 0B1
FLS Transportation Services,1-866-545-5538,london-ops@flstransport.com,150 Dufferin Ave. London ON N6A 5N6
Steven Keyes,519-933-3355,keyeslaw@hotmail.com,21 King Street London ON N6A 5H3
M.D. French Pilot Cars,519-472-2999 289-439-0822,debfrench@symaptico.ca,319 Southcrest Dr. London ON N6J 1N3
Agility Logistics (London),519-644-1919,jrobertson@agilitylogistics.com,1425 Max Brose Drive #8 London ON N6N 0A2
Trisec Logistic,519-668-3395 519-668-0423,steve@trisecwarehousing.com,1040 Wilton Grove Road London ON N6A 4L6
London Shunt and Trailer Transfer Inc.,519-686-7199,rickwilliamsjr@bellnet.ca,2836 Dingman Drive London ON N6N 1G4
Elgin Motor Freight,519-644-9090 1-800-567-2609,webgm@elginmotorfreight.com,1497 Wilton Grove Road London ON N6N 1M3
National Truck League,1-800-265-6509,rod.stiller@nationaltruckleague.com,910 Wilton Grove Road London ON N6N 1C7
Doug Coleman Trucking Ltd.,1-800-308-2574,dcoleman@dougcolemantrucking.com,2073 Piper Lane London ON N5V 3S5
Grandsphere Inc,343-988-6707,info@grandsphere.ca,430 Golden Springs Dr Manotick ON K4M 0B9
FMD Transportation,905-417-7574,FMDTRANSPORT@HOTMAIL.COM,Golden Forest Road Maple ON L6A 0S6
Truckersbooks,905-477-7773,sales@truckersbooks.com,4261 HWY 7 Markham ON L3R 9W6
SunTel Technologies Inc.,416-479-0505,seo@sunteltechnologies.ca,HSBC Tower Liberty Square 3601 Hwy7 East Suite 1004 Markham ON L3R 0M3
AMJ Campbell,905-887-5557,amj@amjcampbell.com,176 Hillmount Road Markham ON L6C 1Z9
Interweigh Systems Inc.,416-491-7001,inquiry@interweigh.ca,51 Bentley Street Markham ON L3R 3L1
Dynamix Solutions Inc.,416-657-2449,info@dynamixsolutions.com,80 Tiverton Court Suite 703 Markham ON L3R 0G4
Kirpal Multani,416-728-6806,kirpal1@gmail.com,7050 Woodbine Ave Markham ON L3R 4G8
Holman Insurance Brokers Ltd.,905-886-5630,service@holmanins.com,3100 Steeles Ave. East Suite 101 Markham ON L3R 8T3
Blair Insurance Brokers Ltd.,905-472-0774 1800-644-7289,merlinda.blair-insurance@rogers.com,176 Bullock Drive Unit 1 Markham ON L3P 1W2
Gin-Cor Industries,1-866-628-8292,info@gincor.com,5151 Hwy 17 West Mattawa ON P0H 1V0
Villeneuve Mechanical Services-Truck and trailer repairs,613 551 8367,williamvilleneuve@hotmail.com,Dyer Road 17496 Maxville ON k0c1t0
Aces Towing,519-367-2837,acestowing@live.com,RR#2 Mildmay ON N0G2G0
Best Rate Transportation,519-800-4466,bestrate@live.ca,4072 Perth Line 72 Millbank ON N0K 1L0
Q-Line Trucking Ltd.,877-478-9995 905-636-7700,raterequest@qlinktrans.com,7105 Auburn Road Milton ON L9T 7V9
Truck Breakdown Repair,905-463-1278,info@truckbreakdownrepair.com,705 Nisipping Rd Milton ON L9T 5B2
Allegro Freight Services Inc.,905-875-9977,info@allegrofreight.com,225 Main Street East Ste. 4 Milton ON L9T 1N9
Slingshot Transportation Inc.,905-876-1401,smead@slingshottrans.com,370 Ontario St N Milton ON L9T 2V1
Greystone Trailer Leasing Inc.,905 691-2685,sales@greystonetrailerleasing.com,7467 Ninth Line Milton ON L5N7C3
AMP Trans Inc.,716-474-3342,amptransinc@hotmail.com,1098 Cumming Blvd. Milton ON L9T 6T6
Motz Transport Inc.,905-864-6936,Motztransportation@bellnet.ca,8069 Esquesing Line Milton ON L9T 2X9
Transpro Freight Systems,905-693-4188,palmac@transprofreight.com,8600 Escarpment Way Milton ON L9T 0M1
Expedite Plus Inc.,905-875-0023,sales@expediteplus.com,917 Nipissing Road Milton ON L9T 5E3
Pro Trailer Repair,416-697-6968,ivanham@cogeco.ca,760 Cabot Trail Milton ON L9T3R9
PFS International,866 737 4685,travis@privatefleetsales.com,3153 Steeles Ave Milton ON L9T 2V4
Marbro Group Inc.,905-878-5553,info@marbrogroup.com,13-348 Bronte Street South Milton ON L9T5B6
Transport Trailer Sales Inc.,905-875-1203,N/A,8085 Esquesing line Milton ON L9T2X9
Peter Hodge Transport Limited,1-800-387-6933 905-693-8088,phtl@peterhodgetransport.com,100 Market Drive Milton ON L9T 3H5
Interlog Solutions Ltd,647-887-9200,Interlogsolutions@gmail.com,2145 Sherobee Rd Unit 108 Mississauga ON L5A 3G8
Growth Capital,647-331-4769,info@growthcapital.ca,2540 Matheson Blvd E Mississauga ON L4W4Z2
Altair Logistics Ltd,905-405-9444,info@altair-logistics.ca,6355 Shawson Dr. Unit 3B Mississauga ON L5T 1S7
Chargo Fast Cargo,905-696-9898,dispatch@chargo.ca,2700 Slough St. Mississauga ON L4T1G3
Star One Carriers Ltd,905-677-4256,soc_ltd23@yahoo.ca,7620 Middleshire Dr Mississauga ON L4t 3S2
Titanium Towing,289-205-0085,service@titaniumtowing.ca,7360 Zinnia Place Suite #278 Mississauga ON L5W 2A2
Probuilt Powertrain Corporation,289-865-9068 1-844-865-9068,info@probuiltpowertrain.com,6660 Ordan Drive Unit F Mississauga ON L5T 1J7
Apple Express,905-361-3692,sley@appleexpress.com,5300 Satellite Dr. Mississauga ON L4W 5J2
Trux Solutions Inc,905-712-8523,info@truxsolutions.com,267 Matheson East Blvd Mississauga ON L4Z 1X8
Freightcom Corp,877-335-8740,svij@freightcom.com,7699 Bath Road Mississauga ON L4T 3T1
City-Link Falcon Ltd.,289-719-0007,abdul.wahab@clgoc.com,3061 Sir John's Homestead Mississauga ON L5L 3H9
Canworld Logistics Inc.,905-678-0000,sales@canworld.ca,1981 Boylen Road Unit # 8 Mississauga ON L5S 1R9
BNX Shipping Inc.,905-676-0909,importcanada@bnxlogistics.com,6255 Cantay Road Unit 4 Mississauga ON L5R 3Z4
Stream Express Inc.,905-673-2800,dispatch@streamexpress.ca,7015 Tranmere Dr. Unit #3 Mississauga ON L5S 1T7
Canada Cartage,905-564-2115,info@canadacartage.com,1115 Cardiff Blvd. Mississauga ON L5S 1L8
Stoneridge Insurance Brokers,416-388-7565 905-281-4410 ext 165,rshamim@stoneridgeinsurance.ca,5770 Timberlea Blvd #105 Mississauga ON L4W4W7
Johnston Equipment,905-712-6000,icare@johnstonequipment.com,5990 Avebury Road Mississauga ON L5R 3R2
Toronto Insurance Solutions,416-388-8918,alevi@pacins.ca,6625 Tomken Road Mississauga ON L5T 2C2
DS Trucking,1-800-499-8409,info@dstrucking.ca,7720 Kimbel Street Mississauga ON L5S1A6
Able Insurance Brokers Ltd,905-629-2253,info@ableins.ca,214-5004 Timberlea Blvd Mississauga ON L4W 5C5
Scott Dempsey Logistics Inc.,519-617-2093,dempseylogistics@live.com,RR #2 Mount Elgin ON N0J 1N0
JDFreightways Inc.,613-989-4582,jjd@jdfreightways.com,10842 HWY 43 Mountain ON K0E 1S0
Best Hand 2 Hand Movers,613-402-6066,info@besthand2handmovers.ca,274 Serena Way Nepean ON K2G 4P5
DTI Logistics Canada Inc.,519-662-9338,sales@dti-logistics.com,96 Huron Street New Hamburg ON N3A 1J3
Erb Group,519-662-2710 1-800-665-2653,info@erbgroup.com,290 Hamilton Rd. New Hamburg ON N3A 1A2
ShipToCanada.com,888-308-4872,shiptocanadachris@gmail.com,16715 Yonge Street #348 Newmarket ON L3X 1X4
A&B Courier Services Ltd.,1-800-663-6533,logistics@abcourier.com,31 Alexander Road Newmarket ON L3Y 3J2
ShipCanada.ca,877-88FREIGHT 905-836-0741,crowland@equitransexpress.com,16715 Yonge Street #348 Newmarket ON L3X 1X4
XAN Systems,905-235-0407,xansystems.net@gmail.com,62 Portland Cr. Newmarket ON L3Y 6A5
Internet Truckstop Canada,888-338-9656,sales@internettruckstop.ca,187 Main St Unit 203 Newmarket ON L3Y 3Y9
ITS Dispatch,888-338-9656,sales@its-dispatch.com,245A Main St South Newmarket ON L3Y 3Z4
Rbm Carriers Inc.,905-478-4842,dickrbmcar@sympatico.ca,21374 2nd Con. RR#1 Newmarket ON L3Y 4V8
RBM Carriers,905-478-4842,simonrbmcar@sympatico.ca,21374 2nd Concession Newmarket ON L9N 1A5
Perry Transport Ltd.,905-859-0333 1-800-263-2396,dispatch@perryt.com,Box 880 Nobleton ON LOG 1NO
AMJ Campbell,1-888-265-6683 705-472-8910,amj@amjcampbell.com,303 Airport Road North Bay ON P1B 8W7
Cann Amm Occupational Testing Services,705-472-7577 800-440-0023,randy.herman@cannamm.com,101 McIntyre Street West North Bay ON P1B 2Y5
HVP Van Lines Inc.,416-358-6787 647-349-5155,anatol@hvpvanlines.com,71 Barber Greene Rd. North York ON M3C 2A2
PianoInside.com,647-218-8863,imsjs78@hotmail.com,325 Bogert Ave North York ON M2N1L8
Harmac Transportation Inc.,416-642-0515 1-800-387-4255,jruddock@harmactransport.com,55 Arrow Road North York ON M9M 2L4
Caravan Group of Companies,905-338-5885,info@caravanlogistics.ca,2284 Wyecroft Rd Oakville ON L6L6M1
Mutual Transportation Services Inc,905-339-3889,info@mutualtransportation.com,627 Lyons Lane Suite 403 Oakville ON L6J5Z7
Universal Freight Express,905-334-5689,info@universalfreight.ca,2255 Falling Green Dr. Oakville ON L6M 5A2
Brewer Vanline Logistics,905-844-1165 1-855-844-1165,service@brewervanlinelogistics.com,3-1165 Invicta Drive Oakville ON L6H 4M1
Ronco Freight International Inc.,905-847-5524,info@roncofreight.com,871 Equestrian Court Units 2-3 Oakville ON L6L 6L7
A TEAM Cargo Logistics Int'l Inc,905-815-8881,operations@ateamcargo.com,407 Speers Rd Suite 203-B Oakville ON L6K 3T5
All Connect Logistical Services,416-213-7187 905-847-6555 800-388-7947,info@allconnect.ca,2139 Wyecroft Road Oakville ON L6L 5L7
Caravan Logistics Inc.,1-888-828-1727 905-338-5885,kevinsnobel@caravanlogistics.ca,2430 Royal Windsor Drive Oakville ON L6J 7Y2
Tankmart International,905-465-1355 1-800-268-1456,info@tankmart.com,2231 Wyecroft Road Oakville ON
Gateway Freight Systems Inc.,905-315-1557 1-800-387-4283,dispatch@gatewayfrt.com,1425 Norjohn Court Unit 6 Oakville ON L7L 0E6
Atlas Van Lines (Canada) Ltd.,905-844-0701 1-800-267-3783,dauld@atlasvanlines.ca,485 North Service Road East Oakville ON L6J 5M7
TANDET Group,905-827-4200,info@tandet.com,1351 Speers Road Oakville ON L7L 2X5
System 55 Transport Inc.,1-800-268-5070 905-842-6800,support@dxstorm.com,2466 Beryl Road Oakville ON L6J 7X4
SYMPLASTICS LIMITED,519-941-5300 1-800-661-2387,info@symplastics.com,21 Tideman Drive Orangeville ON L9W 3K3
Barrie Direct Transportation Inc,705-327-2228      1-866-791-2007,barriedirect@rogers.com,353 Old Muskoka Rd Orillia ON L3V 4G5
Accutrac Capital Solutions Inc,866-531-2615 x201,sales@accutraccapital.com,74 Mississaga Street E. Orillia ON L3V 1V5
Caltrans Logistics Inc.,905-926-8637,dispatch@caltranslogistics.com,650 King St. E Suite 206 Oshawa ON L1H 1G5
Mackie Group,1-800-565-4646 905-728-2400 416-222-2266,info@mackiegroup.com,933 Bloor St. West Oshawa ON L1J 5Y7
Earle's Mobile Mechanic's,905-442-1242,roadservice@canada.com,n.a. Oshawa ON L0B1B0
Boxes on the Move,905-720-2005,info@boxesonthemove.ca,251 Simcoe Street South Oshawa ON L1H4H3
Raglan Industries Inc,905-655-3355,sales@raglan.ca,5151 Simcoe Street North Oshawa ON L1H 7K4
Mc'Larry Express,613-419-7447 1-844-770-7447,sales@mclarryexpress.com,347 Quartz Ave. Ottawa ON K4K0A2
Westmount Moving,613-699-8150  1-800- 465-6588,info@ottawa-gatineau-movers.com,2768 A Sheffield Rd. Ottawa ON K1B3V9
First Rate Movers Inc,613-260-0505,sales@firstratemovers.com,2264 Roger Stevens Drive Ottawa ON K0A 2T0
Easy Manifest,1-888-99-EZMAN,info@easymanifest.com,35 St Claire Ave Ottawa ON K2G 2A1
Clearit.ca,888-668-7595,info@clearit.ca,. Ottawa ON K1X 2B4
AMJ Campbell Self Storage,613-737-3333,amj@amjcampbell.com,2965 Bank Street Ottawa ON K9T 1N9
AMJ Campbell,613-737-0000,amj@amjcampbell.com,2710 Stevenage Drive Ottawa ON K1G 5N2
Petro Canada Fuels,613-225-0700,cperry@petrocanadafuels.ca,1985 Merivale Road Ottawa ON K2G1G1
Wills Transfer Limited,613-744-0970 1-800-267-7937,ottawa@willstransfer.com,3100 Swansea Crest Ottawa ON K1G 3W4
BYEXPRESS Transportation,613-739-3000 613-523-1642,info@byexpress.com,306-1228 Old Innes Road Ottawa ON K1b 3V3
Move-Ottawa Movers,613-321-2062,info@moveottawa.ca,250 Greenbank Road Suite 113 Ottawa ON K2H1E9
GPS to GO,1-888-GPS-8480,sales@gpstogo.ca,1670 Heron Rd. Ottawa ON K1C0C0
City Transfer Delivery & Logistics,1-800-354-4404 613-523-1000,ottawa@citytransfer.net,1435 Sandford Fleming Avenue Unit # 130 Ottawa ON K1G 3H3
TSC Moving & Storage Ltd,613-739-4782,bookings@tsctransport.com,3220 Hawthorne Rd. Ottawa ON K1G 3V9
Moving Boxes.ca,613-822-6900,sales@movingboxes.ca,Ottawa Ottawa ON K1T 4H3
T.S.C. "The Service Company",613-739-4782  1-800-566-6784,site,3220 Hawthorne Rd. Ottawa ON K1G 3V9
Fred Guy Moving & Storage Ltd.,613-744-8632,sales@fredguymoving.com,Ottawa ON
Parkway Van Lines,613-744 - 4781,moving@parkwayvanlines.com,1199 Newmarket Street Ottawa ON K1B 3V1
Cassidy's,613-836-4225  1-800-337-2175,site,128 Willowlea Rd. Ottawa ON K0A 1L0
Hogro Transport Ltd.,519-294-0168,hogro@isp.ca,35767 Grand Bend Road Highway 81 R.R. # 8 Parkhill ON N0M 2K0
Kawartha Courier,705-876-1500  888-919-9907,info@kawarthacourier.ca,164-171A Rink St. Peterborough ON K9J 2J6
Zeitranz Trucking,705-742-7500,zeitranz@bellnet.ca,1349 Keene Road Peterborough ON K9J 6X9
Mid-west Traffic Inc.,705-743-5050,N/A,Peterborough ON
GSNS Expedite,905-839-6313,dispatch@gsns.ca,1949 Spruce Hill Rd Pickering ON L1V 1S6
Cargonet Inc.,905-837-0207,cargonet@idirect.com,1750 Plummer Street Unit 15 Pickering ON L1W 3L7
Immediate Delivery and Courier Service Inc.,416-213-7177,debg@immediate-delivery.com,1895 Clements Road Unit 108 Pickering ON L1W 3V5
JMS Warehousing Inc.,519-339-9077,rbarnes@jmstrans.ca,704 Mara St. Suite 128 Point Edward ON N7V 1X4
JLD Business Solutions,905-885-1268,jdoucette131@cogeco.ca,48 Margaret St. Port Hope ON L1A 1Y3
Mack Tax Inc.,905-885-7333 1-800-263-6225,macktax@bellnet.ca,129 Toronto Rd. Port Hope ON L1A 3S6
Kriska Holdings Ltd.,613-925-5903 1-800-461-8000,info@kriska.com,300 Churchill Road Prescott ON K0E 1T0
J.F. Kitching & Son Ltd.,905-473-3177,info@jfkitching.com,22481 Kennedy Road RR#2 Queensville ON L0G 1R0
Freight Fox Inc,905-761-1888,info@gofreightfox.com,180 Brodie Dr Unit 5 Richmond Hill ON L4B3K8
Summit Credit Corporation,1-800-961-4899 905-780-6144  Ext. 258,Fiona@summitcreditcorp.com,9120 Leslie Street Suite 201 Richmond Hill ON L4B 3J9
Sevana Expedited Services Inc.,905-709-5600 1-888-505-9003,artash@sevanaex.com,65 West Beaver Creek Road Richmond Hill ON L4C 1K4
Paradigm Consulting Inc.,905-764-0749,info@paradigmcorp.ca,9251 Yonge Street Building 8 Suite 232 Richmond Hill ON L4C 9T3
Maves International Software,905-882-8300,info@maves.com,100 York Boulevard Suite 404 Richmond Hill ON L4B 1J8
Mc'Larry Express,613-419-7447 1-844-770-7447,sales@mclarryexpress.com,347 quartz ave Rockland ON K4K0A2
PetaParts,289-637-3807,service@petaparts.com,3241 Kennedy Road Scarborough ON M1V 2J8
Vagans Inc,416-473-8472,sri@vagansinc.com,100 Consillum Place Suite 200 Scarborough ON M1H 3E3
Peace of Mind Courier Inc,416-750-2111,info@pomcourier.com,65 Crockford Blvd Scarborough ON M1R 3B7
Kennedy Towing Inc,416-291-1300,kennedytow@hotmail.com,2933 Kennedy Road Scarborough ON M1V 1S9
Xdatalogix Solutions,212-203-0480,spatel@xdatalogix.com,2165 Lawrence Ave. E Scarborough ON M1P 2P5
Cargo Loading Solutions (Canada),416-273-8212,info@clsca.com,1701-270 Palmdale Dr. Scarborough ON M1T3N8
Troy Transportation Moving and Storage,416-321-9277,info@troymoving.com,55 Ironside Cres Scarborough ON M1X1N3
Friendly Truck Driving School,416-291-9075,friendlytransportation@rogers.com,850 Tapscott Road #9 Scarborough ON M1X 1N4
O'Bryan Transport Inc,(416) 899-4986 (647) 477-5071,obryantrans@hotmail.com,108-829 Birchmount Rd. Scarborough ON M1K1R9
Acts Logistics & Transport Inc,416-754-1068,cchadee@bellnet.ca,209 - 4651 Sheppard Ave E Scarborough ON M1B 1C5
Total Transportation Solutions Inc.,416-636-1444 1-888-636-1444,info@total-transportation.com,20 Casebridge Court Scarborough ON M1B 3M5
FIBA CANNING INC.,905-982-0328,sales@fibacanning.com,2651 Markham Road Scarborough ON M1X 1M4
Kooi Trucking Inc.,519-446-3333,info@kooitruckinginc.com,Scotland ON N0E 1R0
WOODCOCK BROTHERS TRANSPORTATION GROUP,(519)393-6194 1-800-565-5557,bradw@woodcockbrothers.com,PO Box 100 Sebringville ON N0K 1X0
Blue Star Carriers Inc,416-809-4809,dave@bluestarcarriers.com,17956 Warden Avenue Sharon ON L0G 1V0
T.E. Smith Expedited Services,519-284-0296,terry@tesmith.com,St Marys ON
LTS Expedite Xpress,905-641-1311,lts_ex@gto.net,8 Gibson Place St. Catharines ON L2R 1N7
Conrad Refrigerated Trucking,1-800-546-4950,crt@crtinc.net,18-300 Talbot Street St. Thomas ON N5P 4E2
A1 Pilot Dawgs,1-905-308-1515,a1pilotdawgs@gmail.com,2782 Eagle street Stevensville ON L0S1S0
CrossBorder Express,905-658-1511,crossborderexpress@hotmail.com,3794 Netherby Road RR2 Stevensville ON L0S 1S0
CDS Building Movers,613-836-12151-800-267-5516,info@cdsmovers.com,8 Sweetnam Drive Stittsville ON K2S 1G2
MAP Professional Services,905-630-0066,sales@map-prof.com,8 King St. W. Suite 3B Stoney Creek ON L8G 1G8
Peter Ramsay Pilot Cars,905-334-1258,p-dramsay@live.ca,221 Federal St. Stoney Creek ON L8E1P2
Skyway Moving and Home Renovations,289-230-0366,skywaymovingandhomerenovations@hotmail.com,80 Mountain Ave North Stoney Creek ON L8G 3P5
Earl Paddock Transportation Inc.,1-800-263-4587,sales@earlpaddock.com,560 Seaman Street Stoney Creek ON L8E 3X7
Don Anderson Haulage Ltd.,1-800-387-4397,donanderson@andersonhaulage.com,Stouffville ON
AMJ Campbell,1-888-AMJ MOVE 705-525-2744,amj@amjcampbell.com,1367 B Kelly Lake Road Sudbury ON P3E 5P5
Newmarket Equipment Inc.,905-722-0019,tracey@newmarketequipment.ca,23130 Miles Rd Sutton ON L0E 1R0
Triangle Logistics Solutions Inc.,416-747-6474,dispatch@trianglelogistics.ca,8500 Leslie Street Thornhill ON L3T 7M8
Formula Traffic Tickets,905-482-1968,formulatraffic@aol.com,80 Gauguin Ave Thornhill ON L4J 9J4
Mobilizz Inc.,905-731-4727,info@mobilizz.com,138 Baywood Court Thornhill ON L3T 5W3
AMJ Campbell,1-888-265-6683 807-474-4204,amj@amjcampbell.com,P.O. Box 10418 800 Field St. Thunder Bay ON P7B 6T8
New Leaf Construction and Equipment,807 473 0274,admarshall25@hotmail.com,230 Beckwick Road Thunder Bay ON P7G1N7
McKevitt Trucking Ltd.,807-623-0054,info@mckevitt-trucking.com,1200 Carrick Street Thunder Bay ON P7B 5P9
Transport Help,1-866-244-3334 705-692-9222,lhaas@manitoulintransport.com,25 Vagnini Court Thunder Bay ON P3Y 1K8
Broadview Leasing Expediting,519-688-8023,rydee64@hotmail.com,RR6 Rokeby Road Tillsonburg ON N4G4G9
Tower Moving,647-955-6683,valtierrasavana@gmail.com,1801-1 Yonge Street Toronto Ontario Toronto ON M5E 1W7
Cargo Cabbie,647-478-5422,cargocabbie11@gmail.com,401 Logan Avenue Toronto ON M4M 2P2
IMMFinancial.com,866-216-4460,sales@immfinancial.com,250 Yonge St #2201 Toronto ON M5G 1B1
ABS Movers & Storage,416 588-1499,absmovingstorageca@gmail.com,17 Dora Ave Toronto ON 91762
Canadian Fulfillment Center,1-800-604-6495,tyson@interfulfillment.com,420 Finchdene square suite 200 Toronto ON m1x1c2
Pantonium,1-866-797-0426 ext. 700,info@pantonium.com,30-1006 Wellington Street Toronto ON M5E 1S3
BSM Wireless,866-768-4771,epennell@bsmwireless.com,75 International Blvd Toronto ON M9W 6L9
Jackpot Logistics Inc.,1-855-557-5857,info@jackpotlogistics.com,4544 Dufferin Street Suite 208B Toronto ON M3H 5X2
Orbit International Moving Logistics Ltd,416-661-4228,info@orbitmoving.com,212 Dolomite Dr Toronto ON M3J 2N2
InterFulfillment Inc.,1-800-604-4595,info@interfulfillment.com,420 Finchdene Square Toronto ON M1X 1C2
Fluent Moving and Storage,416-819-9829 1-855-235-8368,info@fluentmoving.com,35-2220 Midland Ave Toronto ON M1P3E6
Truckman,416-607-5344,info@truckman.ca,300 Borough Drive Toronto ON M1P 4Z7
Move Me Easy,416-906-8203,info@movemeeasy.ca,34 Pemican Crt Toronto ON M9M2Z3
GPS to GO Toronto,1-888-477-8480,sales@gpstogo.ca,100-2 Toronto Street Toronto ON M5C 2B5
Factor Direct Corporation,1-855-647-3365,info@factordirectcorp.com,222 - 1111 Finch Ave. W Toronto ON M3J 2E5
Go Fleet,1-888-998-1122,sales@gofleet.ca,102-2680 Matheson Blvd Toronto ON L4W0A5
Kitt Logistics Inc,416-201-8755,kitt@kittinc.com,55 Browns Line Toronto ON M8W 3S2
Royal Canadian Supply Chain Inc.,647-344-8142,jonathan@shiproyal.com,2150 Islington Ave #218 Toronto ON M9P 3V4
Transglobe Consultancy Services inc.,416-822-8552,info@tgicl.com,50 Thorncliffe Park Drive Suite 506 Toronto ON M4H1K4
Beckard Associates Ltd.,416-323-0322,eworkssales@gmail.com,206 Gerrard Street East Toronto ON M5A2E6
Aquilian Financial,844-252-0524,jobs1@aquilian.ca,. Uxbridge ON L9P 1R4
Beau-Roc Inc.,613-443-0044,sales@beau-roc.com,300 Universelle Street Vars ON K0A 3H0
LanMesh Wireless Inc.,416-623-9360,info@lanMesh.com,100 Hanlan Road Unit 3 Vaughan ON L4L 4V8
Transportation Compliance Services Inc.,905-761-9300 1-866-650-5037,info@trancomser.com,2700 Steeles Ave.W. Suite 204 Vaughan ON L4K 3C8
Concord Trailer Rental and Leasing Ltd.,416-732-3668,concordtrailerrental@gmail.com,8470 Keele Street Vaughan ON L4K 2A6
AMJ Campbell,1-888-265-6683 416-423-6683,amj@amjcampbell.com,51 Caldari Road Vaughan ON L4K 4G3
GNT (Global Network Trading),905-482-4491,gntcanada@gmail.com,71 Innovation Drive Unit 3 Vaughan ON L4H 0S3
Broad-Connect Telecom Inc.,1-877-228-6616,broadconnect123@gmail.com,151 North Rivermede Rd. Vaughan ON K4K0C4
AZ Logistics Services Ltd,905-553-7860,info@azls.ca,165 William Bowes Boulevard Vaughan ON L6A 4B2
Massaro Trucking Ltd.,416-887-8185,massarotrucking1@yahoo.ca,62 Sgotto Blvd Vaughan ON L4H 1W8
C.H. Robinson Worldwide Inc.,905-264-4943 1-800-387-7208,gomemik@chrobinson.com,7000 Pine Valley Dr. Suite 101 Vaughan ON L4L 4Y8
Petro Star - Tank Truck & Trailer Specialists Ltd.,1-877-966-7366,petrostar@rogers.com,2943 Major Mackenzie Dr. Vaughan ON L6A 0A2
National Fast Freight,905-761-0009 1-800-563-2223,mgmt@nationalfastfreight.com,391 Creditstone Road Vaughan ON L4K1N8
K.A.M. Trucking Inc.,905-899-3399,dispatch@kamtrucking.com,54028 Wellandport Rd. Wainfleet ON L0S1V0
Gregor Transportation Logistics,519-627-1933,gtl@kent.net,8142 Starkweather Line Wallaceburg ON N8A 4L3
Floyd Gibbons Trucking,519-699-0909,dispatch@floydgibbonstrucking.ca,3434 Herrgott Rd Wallenstein ON N0B 2S0
G&B Allen Insurance Brokers Limited,705-924-2632,info@allenfinancial.ca,3 Main Street P.O. Box 189 Warkworth ON K0K 3K0
K - B International Traffic Inc,705-429-8543,k-binternational@sympatico.ca,62 Caribou Trail Wasaga Beach ON L9Z 1N3
Titan Transline Inc,905-659-8595,quotes@titantransline.com,PO Box 1432 Waterdown ON L0R 2H0
TFS Group,519-886-8070 1-800-461-5970,stevem@tfsgroup.com,105 Bauer Place Waterloo ON N2L 6B5
FARRELL ENTERPRISES LTD,416-745-2711 1-800-268-0908,farrellent@aol.com,66 Bartor Road Weston ON M9M 2G5
Central Truck Body Company Ltd.,416-749-2447 749-2449,info@centraltruckbody.com,820 Garyray Drive Weston ON M9L 1X1
Bowden Transport and Logistics,905-665-1940,kim@bowdentransport.com,1111 Burns St. East Whitby ON L1N 6A6
JR Traffic Service,519-251-8500,randy@jrtraffic.net,3110 Lauzon Windsor ON N8T2Z8
Genesis Express & Logistics,1-888-230-9250 519-250-4155,mflattery@genesiscarriers.com,4455 County Road #42 Windsor ON N9A 6J3
Laser Transport Inc.,519-974-3435,truck@lasertrans.com,3380 Wheelton Drive Windsor ON N8W 5A7
Farrow,519 252-7775 x.214,jeff.farrow@farrow.com,2001 Huron Church Road Windsor ON N9A 6L6
Movin' Freight Ltd.,1-866-829-3286 519-737-7747,wk@movinfreight.com,5345 Outer Dr. Unit # 6 Windsor ON N9A6J3
GPSNet Technologies Inc.,519-972-1272,ssutton@gpsnetinc.com,4510 Rhodes Drive Suite 905 Windsor ON N8W 5K5
Coxons Towing Service,519-966-5421,cts@wincom.net,4891 Manning Road Windsor ON N0R 1K0
Custom Services International,519-250-0555,canada@customservicesint.com,4285 Industrial Drive Suite 237 Windsor ON N9C 3R9
Wolverine Freight Systems,1-800-265-5051 519-966-8970,inquiries@wolverinefreight.ca,2500 Airport Rd. Windsor ON N8W 5E7
PSECO Inc.,905-850-1887,pseco_inc@yahoo.com,6201 Hwy 7 Unit 4 Woodbridge ON L4H 0K7
Mr. Rooter Plumbing,905 264-0908,mrrooterwoodbridge@gmail.com,3650 Langstaff Rd Suite 218 Woodbridge ON L4L 9A8
Superior Logistical Services Inc.,905-850-2696 1-866-744-7757,sales@superiorlogistical.com,5770 Highway #7 Woodbridge ON L4L 1T8
Janjua Brother Transport Inc.,905-264-2031,info@janjuatransport.com,8221 Martin Grove Road Woodbridge ON L4L3V5
Rally Logistics Inc.,905-264-2511,info@rallylogistics.com,5B-7600 Highway 27 Woodbridge ON L4H 0P8
Westway Group Canada Inc,1-866-655-5506 905-265-7711,info@westwaygroup.ca,80 Roysun Rd Unit 13 Woodbridge ON L4L 8L8
Precision Truck Lines Inc.,905-851-1996 1-800-890-2558,info@precisiontrucklines.com,8111 Huntington Rd Woodbridge ON L4H 0S6
Elite Permits Inc,519-537-4872,admin@elitepermitsinc.com,822 Parkinson Rd Woodstock ON N4S8L2
Progress Freight,519-462-1753 1-877-723-4599,andy@progressfreight.com,596360 Hwy 59 North Woodstock ON N4S 7W1
Laidlaw Carriers Bulk LP (Ontario),888-209-3867,rfillion@laidlaw.ca,240 Universal Road Woodstock ON N4S 0A9
Country Transport,800-340-5994,info@countrytransport.com,565545 Towerline Road Woodstock ON N4S 7W3
Earl Hardy Trucking Inc.,519-539-4800 1-800-348-1459,contactus@earlhardytrucking.com,822 Parkinson Rd Woodstock ON N4S 8L2
KINSDALE CARRIERS,519-421-0600,info@kinsdale.com,Woodstock ON
Hyndman Transport (1972) Limited,1-800-265-3071 519-335-3575,jcleland@hyndman.ca,Wroxeter ON N0G 2X0
